921,柯文哲,113年總統、副總統選舉,首次申報,1120823,雜支支出,台北富邦商業銀行股份有限公司中崙分公司,23362953,0.00,20.00,,,,匯費,金錢,台北市中山區****,2741*****,否,,,,,,,
922,柯文哲,113年總統、副總統選舉,首次申報,1120823,雜支支出,台北富邦商業銀行股份有限公司中崙分公司,23362953,0.00,20.00,,,,匯費,金錢,台北市中山區****,2741*****,否,,,,,,,
923,柯文哲,113年總統、副總統選舉,首次申報,1120823,雜支支出,台北富邦商業銀行股份有限公司中崙分公司,23362953,0.00,20.00,,,,匯費,金錢,台北市中山區****,2741*****,否,,,,,,,
924,柯文哲,113年總統、副總統選舉,首次申報,1120823,雜支支出,台北富邦商業銀行股份有限公司中崙分公司,23362953,0.00,20.00,,,,匯費,金錢,台北市中山區****,2741*****,否,,,,,,,
925,柯文哲,113年總統、副總統選舉,首次申報,1120823,雜支支出,台北富邦商業銀行股份有限公司中崙分公司,23362953,0.00,20.00,,,,匯費,金錢,台北市中山區****,2741*****,否,,,,,,,
1288,柯文哲,113年總統、副總統選舉,首次申報,1120907,雜支支出,台北富邦商業銀行股份有限公司中崙分公司,23362953,0.00,20.00,,,,匯費,金錢,台北市中山區****,0227*****,否,,,,,,,
1289,柯文哲,113年總統、副總統選舉,首次申報,1120907,雜支支出,台北富邦商業銀行股份有限公司中崙分公司,23362953,0.00,20.00,,,,匯費,金錢,台北市中山區****,0227*****,否,,,,,,,
1290,柯文哲,113年總統、副總統選舉,首次申報,1120907,雜支支出,台北富邦商業銀行股份有限公司中崙分公司,23362953,0.00,20.00,,,,匯費,金錢,台北市中山區****,0227*****,否,,,,,,,
1291,柯文哲,113年總統、副總統選舉,首次申報,1120907,雜支支出,台北富邦商業銀行股份有限公司中崙分公司,23362953,0.00,20.00,,,,匯費,金錢,台北市中山區****,0227*****,否,,,,,,,
1292,柯文哲,113年總統、副總統選舉,首次申報,1120907,雜支支出,台北富邦商業銀行股份有限公司中崙分公司,23362953,0.00,20.00,,,,匯費,金錢,台北市中山區****,0227*****,否,,,,,,,
1293,柯文哲,113年總統、副總統選舉,首次申報,1120907,雜支支出,台北富邦商業銀行股份有限公司中崙分公司,23362953,0.00,20.00,,,,匯費,金錢,台北市中山區****,0227*****,否,,,,,,,
1294,柯文哲,113年總統、副總統選舉,首次申報,1120907,雜支支出,台北富邦商業銀行股份有限公司中崙分公司,23362953,0.00,20.00,,,,匯費,金錢,台北市中山區****,0227*****,否,,,,,,,
1295,柯文哲,113年總統、副總統選舉,首次申報,1120907,雜支支出,台北富邦商業銀行股份有限公司中崙分公司,23362953,0.00,20.00,,,,匯費,金錢,台北市中山區****,0227*****,否,,,,,,,
1296,柯文哲,113年總統、副總統選舉,首次申報,1120907,雜支支出,台北富邦商業銀行股份有限公司中崙分公司,23362953,0.00,20.00,,,,匯費,金錢,台北市中山區****,0227*****,否,,,,,,,
1297,柯文哲,113年總統、副總統選舉,首次申報,1120907,雜支支出,台北富邦商業銀行股份有限公司中崙分公司,23362953,0.00,40.00,,,,匯費,金錢,台北市中山區****,0227*****,否,,,,,,,
1454,柯文哲,113年總統、副總統選舉,首次申報,1120913,雜支支出,台北富邦商業銀行股份有限公司中崙分公司,23362953,0.00,20.00,,,,匯費,金錢,台北市中山區****,0227*****,否,,,,,,,
1455,柯文哲,113年總統、副總統選舉,首次申報,1120913,雜支支出,台北富邦商業銀行股份有限公司中崙分公司,23362953,0.00,20.00,,,,匯費,金錢,台北市中山區****,0227*****,否,,,,,,,
1456,柯文哲,113年總統、副總統選舉,首次申報,1120913,雜支支出,台北富邦商業銀行股份有限公司中崙分公司,23362953,0.00,20.00,,,,匯費,金錢,台北市中山區****,0227*****,否,,,,,,,
1457,柯文哲,113年總統、副總統選舉,首次申報,1120913,雜支支出,台北富邦商業銀行股份有限公司中崙分公司,23362953,0.00,20.00,,,,匯費,金錢,台北市中山區****,0227*****,否,,,,,,,
1599,柯文哲,113年總統、副總統選舉,首次申報,1120920,雜支支出,台北富邦商業銀行股份有限公司中崙分公司,23362953,0.00,20.00,,,,匯費,金錢,台北市中山區****,0227*****,否,,,,,,,
1600,柯文哲,113年總統、副總統選舉,首次申報,1120920,雜支支出,台北富邦商業銀行股份有限公司中崙分公司,23362953,0.00,20.00,,,,匯費,金錢,台北市中山區****,0227*****,否,,,,,,,
1601,柯文哲,113年總統、副總統選舉,首次申報,1120920,雜支支出,台北富邦商業銀行股份有限公司中崙分公司,23362953,0.00,20.00,,,,匯費,金錢,台北市中山區****,0227*****,否,,,,,,,
1602,柯文哲,113年總統、副總統選舉,首次申報,1120920,雜支支出,台北富邦商業銀行股份有限公司中崙分公司,23362953,0.00,20.00,,,,匯費,金錢,台北市中山區****,0227*****,否,,,,,,,
1795,柯文哲,113年總統、副總統選舉,首次申報,1120927,雜支支出,台北富邦商業銀行股份有限公司中崙分公司,23362953,0.00,20.00,,,,匯費,金錢,台北市中山區****,2741*****,否,,,,,,,
1796,柯文哲,113年總統、副總統選舉,首次申報,1120927,雜支支出,台北富邦商業銀行股份有限公司中崙分公司,23362953,0.00,20.00,,,,匯費,金錢,台北市中山區****,0227*****,否,,,,,,,
1797,柯文哲,113年總統、副總統選舉,首次申報,1120927,雜支支出,台北富邦商業銀行股份有限公司中崙分公司,23362953,0.00,20.00,,,,匯費,金錢,台北市中山區****,0227*****,否,,,,,,,
1798,柯文哲,113年總統、副總統選舉,首次申報,1120927,雜支支出,台北富邦商業銀行股份有限公司中崙分公司,23362953,0.00,20.00,,,,匯費,金錢,台北市中山區****,0227*****,否,,,,,,,
1799,柯文哲,113年總統、副總統選舉,首次申報,1120927,雜支支出,台北富邦商業銀行股份有限公司中崙分公司,23362953,0.00,20.00,,,,匯費,金錢,台北市中山區****,0227*****,否,,,,,,,
1800,柯文哲,113年總統、副總統選舉,首次申報,1120927,雜支支出,台北富邦商業銀行股份有限公司中崙分公司,23362953,0.00,20.00,,,,匯費,金錢,台北市中山區****,0227*****,否,,,,,,,
1801,柯文哲,113年總統、副總統選舉,首次申報,1120927,雜支支出,台北富邦商業銀行股份有限公司中崙分公司,23362953,0.00,20.00,,,,匯費,金錢,台北市中山區****,0227*****,否,,,,,,,
1802,柯文哲,113年總統、副總統選舉,首次申報,1120927,雜支支出,台北富邦商業銀行股份有限公司中崙分公司,23362953,0.00,20.00,,,,匯費,金錢,台北市中山區****,0227*****,否,,,,,,,
1803,柯文哲,113年總統、副總統選舉,首次申報,1120927,雜支支出,台北富邦商業銀行股份有限公司中崙分公司,23362953,0.00,20.00,,,,匯費,金錢,台北市中山區****,0227*****,否,,,,,,,
1804,柯文哲,113年總統、副總統選舉,首次申報,1120927,雜支支出,台北富邦商業銀行股份有限公司中崙分公司,23362953,0.00,20.00,,,,匯費,金錢,台北市中山區****,0227*****,否,,,,,,,
1805,柯文哲,113年總統、副總統選舉,首次申報,1120927,雜支支出,台北富邦商業銀行股份有限公司中崙分公司,23362953,0.00,20.00,,,,匯費,金錢,台北市中山區****,0227*****,否,,,,,,,
1806,柯文哲,113年總統、副總統選舉,首次申報,1120927,雜支支出,台北富邦商業銀行股份有限公司中崙分公司,23362953,0.00,20.00,,,,匯費,金錢,台北市中山區****,0227*****,否,,,,,,,
1807,柯文哲,113年總統、副總統選舉,首次申報,1120927,雜支支出,台北富邦商業銀行股份有限公司中崙分公司,23362953,0.00,20.00,,,,匯費,金錢,台北市中山區****,0227*****,否,,,,,,,
1808,柯文哲,113年總統、副總統選舉,首次申報,1120927,雜支支出,台北富邦商業銀行股份有限公司中崙分公司,23362953,0.00,20.00,,,,匯費,金錢,台北市中山區****,0227*****,否,,,,,,,
1944,柯文哲,113年總統、副總統選舉,首次申報,1121005,雜支支出,中興保全科技股份有限公司-新莊分公司,16838026,0.00,74088.00,,,,中興保全電子服務,金錢,新北市新莊區****,0289*****,否,,,,,,,
1945,柯文哲,113年總統、副總統選舉,首次申報,1121005,雜支支出,中興保全科技股份有限公司-新莊分公司,16838026,0.00,70560.00,,,,中興保全門禁服務費,金錢,新北市新莊區****,0289*****,否,,,,,,,
1946,柯文哲,113年總統、副總統選舉,首次申報,1121005,雜支支出,中興保全科技股份有限公司-新莊分公司,16838026,0.00,27300.00,,,,中興保全工事費,金錢,新北市新莊區****,0289*****,否,,,,,,,
1947,柯文哲,113年總統、副總統選舉,首次申報,1121005,雜支支出,中興保全科技股份有限公司-新莊分公司,16838026,0.00,20000.00,,,,中興保全設定費,金錢,新北市新莊區****,0289*****,否,,,,,,,
2163,柯文哲,113年總統、副總統選舉,首次申報,1121012,雜支支出,台北富邦商業銀行股份有限公司中崙分公司,23362953,0.00,20.00,,,,匯費,金錢,台北市中山區****,0227*****,否,,,,,,,
2164,柯文哲,113年總統、副總統選舉,首次申報,1121012,雜支支出,台北富邦商業銀行股份有限公司中崙分公司,23362953,0.00,20.00,,,,匯費,金錢,台北市中山區****,0227*****,否,,,,,,,
2165,柯文哲,113年總統、副總統選舉,首次申報,1121012,雜支支出,台北富邦商業銀行股份有限公司中崙分公司,23362953,0.00,20.00,,,,匯費,金錢,台北市中山區****,0227*****,否,,,,,,,
2166,柯文哲,113年總統、副總統選舉,首次申報,1121012,雜支支出,台北富邦商業銀行股份有限公司中崙分公司,23362953,0.00,20.00,,,,匯費,金錢,台北市中山區****,0227*****,否,,,,,,,
2167,柯文哲,113年總統、副總統選舉,首次申報,1121012,雜支支出,台北富邦商業銀行股份有限公司中崙分公司,23362953,0.00,20.00,,,,匯費,金錢,台北市中山區****,0227*****,否,,,,,,,
2168,柯文哲,113年總統、副總統選舉,首次申報,1121012,雜支支出,台北富邦商業銀行股份有限公司中崙分公司,23362953,0.00,20.00,,,,匯費,金錢,台北市中山區****,0227*****,否,,,,,,,
2169,柯文哲,113年總統、副總統選舉,首次申報,1121012,雜支支出,台北富邦商業銀行股份有限公司中崙分公司,23362953,0.00,20.00,,,,匯費,金錢,台北市中山區****,0227*****,否,,,,,,,
2170,柯文哲,113年總統、副總統選舉,首次申報,1121012,雜支支出,台北富邦商業銀行股份有限公司中崙分公司,23362953,0.00,20.00,,,,匯費,金錢,台北市中山區****,0227*****,否,,,,,,,
2171,柯文哲,113年總統、副總統選舉,首次申報,1121012,雜支支出,台北富邦商業銀行股份有限公司中崙分公司,23362953,0.00,20.00,,,,匯費,金錢,台北市中山區****,0227*****,否,,,,,,,
2172,柯文哲,113年總統、副總統選舉,首次申報,1121012,雜支支出,台北富邦商業銀行股份有限公司中崙分公司,23362953,0.00,20.00,,,,匯費,金錢,台北市中山區****,0227*****,否,,,,,,,
2173,柯文哲,113年總統、副總統選舉,首次申報,1121012,雜支支出,台北富邦商業銀行股份有限公司中崙分公司,23362953,0.00,20.00,,,,匯費,金錢,台北市中山區****,0227*****,否,,,,,,,
2394,柯文哲,113年總統、副總統選舉,首次申報,1121018,雜支支出,台北富邦商業銀行股份有限公司中崙分公司,23362953,0.00,50.00,,,,匯費,金錢,台北市中山區****,0227*****,否,,,,,,,
2395,柯文哲,113年總統、副總統選舉,首次申報,1121018,雜支支出,台北富邦商業銀行股份有限公司中崙分公司,23362953,0.00,20.00,,,,匯費,金錢,台北市中山區****,0227*****,否,,,,,,,
2396,柯文哲,113年總統、副總統選舉,首次申報,1121018,雜支支出,台北富邦商業銀行股份有限公司中崙分公司,23362953,0.00,20.00,,,,匯費,金錢,台北市中山區****,0227*****,否,,,,,,,
2397,柯文哲,113年總統、副總統選舉,首次申報,1121018,雜支支出,台北富邦商業銀行股份有限公司中崙分公司,23362953,0.00,20.00,,,,匯費,金錢,台北市中山區****,0227*****,否,,,,,,,
2398,柯文哲,113年總統、副總統選舉,首次申報,1121018,雜支支出,台北富邦商業銀行股份有限公司中崙分公司,23362953,0.00,20.00,,,,匯費,金錢,台北市中山區****,0227*****,否,,,,,,,
2399,柯文哲,113年總統、副總統選舉,首次申報,1121018,雜支支出,台北富邦商業銀行股份有限公司中崙分公司,23362953,0.00,20.00,,,,匯費,金錢,台北市中山區****,0227*****,否,,,,,,,
2400,柯文哲,113年總統、副總統選舉,首次申報,1121018,雜支支出,台北富邦商業銀行股份有限公司中崙分公司,23362953,0.00,20.00,,,,匯費,金錢,台北市中山區****,0227*****,否,,,,,,,
2613,柯文哲,113年總統、副總統選舉,首次申報,1121025,雜支支出,台北富邦商業銀行股份有限公司中崙分公司,23362953,0.00,20.00,,,,匯費,金錢,台北市中山區****,0227*****,否,,,,,,,
2614,柯文哲,113年總統、副總統選舉,首次申報,1121025,雜支支出,台北富邦商業銀行股份有限公司中崙分公司,23362953,0.00,20.00,,,,匯費,金錢,台北市中山區****,0227*****,否,,,,,,,
2615,柯文哲,113年總統、副總統選舉,首次申報,1121025,雜支支出,台北富邦商業銀行股份有限公司中崙分公司,23362953,0.00,20.00,,,,匯費,金錢,台北市中山區****,0227*****,否,,,,,,,
2616,柯文哲,113年總統、副總統選舉,首次申報,1121025,雜支支出,台北富邦商業銀行股份有限公司中崙分公司,23362953,0.00,20.00,,,,匯費,金錢,台北市中山區****,0227*****,否,,,,,,,
2617,柯文哲,113年總統、副總統選舉,首次申報,1121025,雜支支出,台北富邦商業銀行股份有限公司中崙分公司,23362953,0.00,20.00,,,,匯費,金錢,台北市中山區****,0227*****,否,,,,,,,
2618,柯文哲,113年總統、副總統選舉,首次申報,1121025,雜支支出,台北富邦商業銀行股份有限公司中崙分公司,23362953,0.00,20.00,,,,匯費,金錢,台北市中山區****,0227*****,否,,,,,,,
2891,柯文哲,113年總統、副總統選舉,首次申報,1121101,雜支支出,台北富邦商業銀行股份有限公司中崙分公司,23362953,0.00,20.00,,,,匯費,金錢,台北市中山區****,0227*****,否,,,,,,,
2892,柯文哲,113年總統、副總統選舉,首次申報,1121101,雜支支出,台北富邦商業銀行股份有限公司中崙分公司,23362953,0.00,20.00,,,,匯費,金錢,台北市中山區****,0227*****,否,,,,,,,
2893,柯文哲,113年總統、副總統選舉,首次申報,1121101,雜支支出,台北富邦商業銀行股份有限公司中崙分公司,23362953,0.00,20.00,,,,匯費,金錢,台北市中山區****,0227*****,否,,,,,,,
2894,柯文哲,113年總統、副總統選舉,首次申報,1121101,雜支支出,台北富邦商業銀行股份有限公司中崙分公司,23362953,0.00,20.00,,,,匯費,金錢,台北市中山區****,0227*****,否,,,,,,,
2895,柯文哲,113年總統、副總統選舉,首次申報,1121101,雜支支出,台北富邦商業銀行股份有限公司中崙分公司,23362953,0.00,20.00,,,,匯費,金錢,台北市中山區****,0227*****,否,,,,,,,
2896,柯文哲,113年總統、副總統選舉,首次申報,1121101,雜支支出,台北富邦商業銀行股份有限公司中崙分公司,23362953,0.00,20.00,,,,匯費,金錢,台北市中山區****,0227*****,否,,,,,,,
2897,柯文哲,113年總統、副總統選舉,首次申報,1121101,雜支支出,台北富邦商業銀行股份有限公司中崙分公司,23362953,0.00,20.00,,,,匯費,金錢,台北市中山區****,0227*****,否,,,,,,,
2898,柯文哲,113年總統、副總統選舉,首次申報,1121101,雜支支出,台北富邦商業銀行股份有限公司中崙分公司,23362953,0.00,20.00,,,,匯費,金錢,台北市中山區****,2741*****,否,,,,,,,
3329,柯文哲,113年總統、副總統選舉,首次申報,1121108,雜支支出,台北富邦商業銀行股份有限公司中崙分公司,23362953,0.00,20.00,,,,匯費,金錢,台北市中山區****,0227*****,否,,,,,,,
3330,柯文哲,113年總統、副總統選舉,首次申報,1121108,雜支支出,台北富邦商業銀行股份有限公司中崙分公司,23362953,0.00,20.00,,,,匯費,金錢,台北市中山區****,0227*****,否,,,,,,,
3331,柯文哲,113年總統、副總統選舉,首次申報,1121108,雜支支出,台北富邦商業銀行股份有限公司中崙分公司,23362953,0.00,20.00,,,,匯費,金錢,台北市中山區****,0227*****,否,,,,,,,
3332,柯文哲,113年總統、副總統選舉,首次申報,1121108,雜支支出,台北富邦商業銀行股份有限公司中崙分公司,23362953,0.00,20.00,,,,匯費,金錢,台北市中山區****,0227*****,否,,,,,,,
3333,柯文哲,113年總統、副總統選舉,首次申報,1121108,雜支支出,台北富邦商業銀行股份有限公司中崙分公司,23362953,0.00,20.00,,,,匯費,金錢,台北市中山區****,0227*****,否,,,,,,,
3334,柯文哲,113年總統、副總統選舉,首次申報,1121108,雜支支出,台北富邦商業銀行股份有限公司中崙分公司,23362953,0.00,20.00,,,,匯費,金錢,台北市中山區****,0227*****,否,,,,,,,
3335,柯文哲,113年總統、副總統選舉,首次申報,1121108,雜支支出,台北富邦商業銀行股份有限公司中崙分公司,23362953,0.00,20.00,,,,匯費,金錢,台北市中山區****,0227*****,否,,,,,,,
3336,柯文哲,113年總統、副總統選舉,首次申報,1121108,雜支支出,台北富邦商業銀行股份有限公司中崙分公司,23362953,0.00,20.00,,,,匯費,金錢,台北市中山區****,0227*****,否,,,,,,,
3339,柯文哲,113年總統、副總統選舉,首次申報,1121108,雜支支出,富邦媒體科技股份有限公司,27365925,0.00,968.00,,,,電腦周邊及其設備,金錢,台北市內湖區****,2162*****,否,,,,,,,
3340,柯文哲,113年總統、副總統選舉,首次申報,1121108,雜支支出,富邦媒體科技股份有限公司,27365925,0.00,6442.00,,,,電腦周邊及其設備,金錢,台北市內湖區****,2162*****,否,,,,,,,
3341,柯文哲,113年總統、副總統選舉,首次申報,1121108,雜支支出,富邦媒體科技股份有限公司,27365925,0.00,6282.00,,,,電腦周邊及其設備,金錢,台北市內湖區****,2162*****,否,,,,,,,
3342,柯文哲,113年總統、副總統選舉,首次申報,1121108,雜支支出,富邦媒體科技股份有限公司,27365925,0.00,12871.00,,,,電腦周邊及其設備,金錢,台北市內湖區****,2162*****,否,,,,,,,
3421,柯文哲,113年總統、副總統選舉,首次申報,1121109,雜支支出,杏田便當,92407435,0.00,6900.00,,,,餐費,金錢,台南市東區富****,,否,,,,,,,
3422,柯文哲,113年總統、副總統選舉,首次申報,1121109,雜支支出,杏田便當,92407435,0.00,3800.00,,,,餐費,金錢,台南市東區富****,,否,,,,,,,
3423,柯文哲,113年總統、副總統選舉,首次申報,1121109,雜支支出,杏田便當,92407435,0.00,3800.00,,,,餐費,金錢,台南市東區富****,,否,,,,,,,
3424,柯文哲,113年總統、副總統選舉,首次申報,1121109,雜支支出,杏田便當,92407435,0.00,3800.00,,,,餐費,金錢,台南市東區富****,,否,,,,,,,
3690,柯文哲,113年總統、副總統選舉,首次申報,1121115,雜支支出,台北富邦商業銀行股份有限公司中崙分公司,23362953,0.00,20.00,,,,匯費,金錢,台北市中山區****,0227*****,否,,,,,,,
3691,柯文哲,113年總統、副總統選舉,首次申報,1121115,雜支支出,台北富邦商業銀行股份有限公司中崙分公司,23362953,0.00,20.00,,,,匯費,金錢,台北市中山區****,2741*****,否,,,,,,,
3692,柯文哲,113年總統、副總統選舉,首次申報,1121115,雜支支出,台北富邦商業銀行股份有限公司中崙分公司,23362953,0.00,20.00,,,,匯費,金錢,台北市中山區****,2741*****,否,,,,,,,
3693,柯文哲,113年總統、副總統選舉,首次申報,1121115,雜支支出,台北富邦商業銀行股份有限公司中崙分公司,23362953,0.00,20.00,,,,匯費,金錢,台北市中山區****,0227*****,否,,,,,,,
3694,柯文哲,113年總統、副總統選舉,首次申報,1121115,雜支支出,台北富邦商業銀行股份有限公司中崙分公司,23362953,0.00,20.00,,,,匯費,金錢,台北市中山區****,0227*****,否,,,,,,,
3695,柯文哲,113年總統、副總統選舉,首次申報,1121115,雜支支出,台北富邦商業銀行股份有限公司中崙分公司,23362953,0.00,20.00,,,,匯費,金錢,台北市中山區****,0227*****,否,,,,,,,
3696,柯文哲,113年總統、副總統選舉,首次申報,1121115,雜支支出,台北富邦商業銀行股份有限公司中崙分公司,23362953,0.00,20.00,,,,匯費,金錢,台北市中山區****,2741*****,否,,,,,,,
3697,柯文哲,113年總統、副總統選舉,首次申報,1121115,雜支支出,台北富邦商業銀行股份有限公司中崙分公司,23362953,0.00,20.00,,,,匯費,金錢,台北市中山區****,0227*****,否,,,,,,,
3698,柯文哲,113年總統、副總統選舉,首次申報,1121115,雜支支出,台北富邦商業銀行股份有限公司中崙分公司,23362953,0.00,20.00,,,,匯費,金錢,台北市中山區****,0227*****,否,,,,,,,
3699,柯文哲,113年總統、副總統選舉,首次申報,1121115,雜支支出,台北富邦商業銀行股份有限公司中崙分公司,23362953,0.00,20.00,,,,匯費,金錢,台北市中山區****,0227*****,否,,,,,,,
3700,柯文哲,113年總統、副總統選舉,首次申報,1121115,雜支支出,台北富邦商業銀行股份有限公司中崙分公司,23362953,0.00,20.00,,,,匯費,金錢,台北市中山區****,0227*****,否,,,,,,,
3701,柯文哲,113年總統、副總統選舉,首次申報,1121115,雜支支出,台北富邦商業銀行股份有限公司中崙分公司,23362953,0.00,20.00,,,,匯費,金錢,台北市中山區****,0227*****,否,,,,,,,
3702,柯文哲,113年總統、副總統選舉,首次申報,1121115,雜支支出,台北富邦商業銀行股份有限公司中崙分公司,23362953,0.00,20.00,,,,匯費,金錢,台北市中山區****,0227*****,否,,,,,,,
3703,柯文哲,113年總統、副總統選舉,首次申報,1121115,雜支支出,台北富邦商業銀行股份有限公司中崙分公司,23362953,0.00,20.00,,,,匯費,金錢,台北市中山區****,0227*****,否,,,,,,,
3704,柯文哲,113年總統、副總統選舉,首次申報,1121115,雜支支出,台北富邦商業銀行股份有限公司中崙分公司,23362953,0.00,20.00,,,,匯費,金錢,台北市中山區****,0227*****,否,,,,,,,
3705,柯文哲,113年總統、副總統選舉,首次申報,1121115,雜支支出,台北富邦商業銀行股份有限公司中崙分公司,23362953,0.00,20.00,,,,匯費,金錢,台北市中山區****,2741*****,否,,,,,,,
4213,柯文哲,113年總統、副總統選舉,首次申報,1121129,雜支支出,台北富邦商業銀行股份有限公司中崙分公司,23362953,0.00,20.00,,,,匯費,金錢,台北市中山區****,0227*****,否,,,,,,,
4214,柯文哲,113年總統、副總統選舉,首次申報,1121129,雜支支出,台北富邦商業銀行股份有限公司中崙分公司,23362953,0.00,20.00,,,,匯費,金錢,台北市中山區****,0227*****,否,,,,,,,
4215,柯文哲,113年總統、副總統選舉,首次申報,1121129,雜支支出,台北富邦商業銀行股份有限公司中崙分公司,23362953,0.00,20.00,,,,匯費,金錢,台北市中山區****,0227*****,否,,,,,,,
4216,柯文哲,113年總統、副總統選舉,首次申報,1121129,雜支支出,台北富邦商業銀行股份有限公司中崙分公司,23362953,0.00,20.00,,,,匯費,金錢,台北市中山區****,0227*****,否,,,,,,,
4217,柯文哲,113年總統、副總統選舉,首次申報,1121129,雜支支出,台北富邦商業銀行股份有限公司中崙分公司,23362953,0.00,20.00,,,,匯費,金錢,台北市中山區****,2741*****,否,,,,,,,
4218,柯文哲,113年總統、副總統選舉,首次申報,1121129,雜支支出,台北富邦商業銀行股份有限公司中崙分公司,23362953,0.00,20.00,,,,匯費,金錢,台北市中山區****,2741*****,否,,,,,,,
4219,柯文哲,113年總統、副總統選舉,首次申報,1121129,雜支支出,台北富邦商業銀行股份有限公司中崙分公司,23362953,0.00,20.00,,,,匯費,金錢,台北市中山區****,2741*****,否,,,,,,,
4220,柯文哲,113年總統、副總統選舉,首次申報,1121129,雜支支出,台北富邦商業銀行股份有限公司中崙分公司,23362953,0.00,20.00,,,,匯費,金錢,台北市中山區****,0227*****,否,,,,,,,
4221,柯文哲,113年總統、副總統選舉,首次申報,1121129,雜支支出,台北富邦商業銀行股份有限公司中崙分公司,23362953,0.00,20.00,,,,匯費,金錢,台北市中山區****,2741*****,否,,,,,,,
4222,柯文哲,113年總統、副總統選舉,首次申報,1121129,雜支支出,台北富邦商業銀行股份有限公司中崙分公司,23362953,0.00,20.00,,,,匯費,金錢,台北市中山區****,0227*****,否,,,,,,,
4223,柯文哲,113年總統、副總統選舉,首次申報,1121129,雜支支出,台北富邦商業銀行股份有限公司中崙分公司,23362953,0.00,20.00,,,,匯費,金錢,台北市中山區****,0227*****,否,,,,,,,
4224,柯文哲,113年總統、副總統選舉,首次申報,1121129,雜支支出,台北富邦商業銀行股份有限公司中崙分公司,23362953,0.00,20.00,,,,匯費,金錢,台北市中山區****,0227*****,否,,,,,,,
4225,柯文哲,113年總統、副總統選舉,首次申報,1121129,雜支支出,台北富邦商業銀行股份有限公司中崙分公司,23362953,0.00,20.00,,,,匯費,金錢,台北市中山區****,0227*****,否,,,,,,,
4226,柯文哲,113年總統、副總統選舉,首次申報,1121129,雜支支出,台北富邦商業銀行股份有限公司中崙分公司,23362953,0.00,20.00,,,,匯費,金錢,台北市中山區****,0227*****,否,,,,,,,
4227,柯文哲,113年總統、副總統選舉,首次申報,1121129,雜支支出,台北富邦商業銀行股份有限公司中崙分公司,23362953,0.00,20.00,,,,匯費,金錢,台北市中山區****,0227*****,否,,,,,,,
4228,柯文哲,113年總統、副總統選舉,首次申報,1121129,雜支支出,台北富邦商業銀行股份有限公司中崙分公司,23362953,0.00,20.00,,,,匯費,金錢,台北市中山區****,0227*****,否,,,,,,,
4229,柯文哲,113年總統、副總統選舉,首次申報,1121129,雜支支出,台北富邦商業銀行股份有限公司中崙分公司,23362953,0.00,20.00,,,,匯費,金錢,台北市中山區****,0227*****,否,,,,,,,
4230,柯文哲,113年總統、副總統選舉,首次申報,1121129,雜支支出,台北富邦商業銀行股份有限公司中崙分公司,23362953,0.00,20.00,,,,匯費,金錢,台北市中山區****,0227*****,否,,,,,,,
4231,柯文哲,113年總統、副總統選舉,首次申報,1121129,雜支支出,台北富邦商業銀行股份有限公司中崙分公司,23362953,0.00,20.00,,,,匯費,金錢,台北市中山區****,0227*****,否,,,,,,,
4724,柯文哲,113年總統、副總統選舉,首次申報,1121206,雜支支出,台北富邦商業銀行股份有限公司中崙分公司,23362953,0.00,20.00,,,,匯費,金錢,台北市中山區****,2741*****,否,,,,,,,
4725,柯文哲,113年總統、副總統選舉,首次申報,1121206,雜支支出,台北富邦商業銀行股份有限公司中崙分公司,23362953,0.00,20.00,,,,匯費,金錢,台北市中山區****,2741*****,否,,,,,,,
4726,柯文哲,113年總統、副總統選舉,首次申報,1121206,雜支支出,台北富邦商業銀行股份有限公司中崙分公司,23362953,0.00,20.00,,,,匯費,金錢,台北市中山區****,2741*****,否,,,,,,,
4727,柯文哲,113年總統、副總統選舉,首次申報,1121206,雜支支出,台北富邦商業銀行股份有限公司中崙分公司,23362953,0.00,20.00,,,,匯費,金錢,台北市中山區****,2741*****,否,,,,,,,
4728,柯文哲,113年總統、副總統選舉,首次申報,1121206,雜支支出,台北富邦商業銀行股份有限公司中崙分公司,23362953,0.00,20.00,,,,匯費,金錢,台北市中山區****,2741*****,否,,,,,,,
4729,柯文哲,113年總統、副總統選舉,首次申報,1121206,雜支支出,台北富邦商業銀行股份有限公司中崙分公司,23362953,0.00,20.00,,,,匯費,金錢,台北市中山區****,2741*****,否,,,,,,,
4730,柯文哲,113年總統、副總統選舉,首次申報,1121206,雜支支出,台北富邦商業銀行股份有限公司中崙分公司,23362953,0.00,20.00,,,,匯費,金錢,台北市中山區****,2741*****,否,,,,,,,
4731,柯文哲,113年總統、副總統選舉,首次申報,1121206,雜支支出,台北富邦商業銀行股份有限公司中崙分公司,23362953,0.00,20.00,,,,匯費,金錢,台北市中山區****,2741*****,否,,,,,,,
4732,柯文哲,113年總統、副總統選舉,首次申報,1121206,雜支支出,台北富邦商業銀行股份有限公司中崙分公司,23362953,0.00,20.00,,,,匯費,金錢,台北市中山區****,2741*****,否,,,,,,,
4733,柯文哲,113年總統、副總統選舉,首次申報,1121206,雜支支出,台北富邦商業銀行股份有限公司中崙分公司,23362953,0.00,20.00,,,,匯費,金錢,台北市中山區****,2741*****,否,,,,,,,
4734,柯文哲,113年總統、副總統選舉,首次申報,1121206,雜支支出,台北富邦商業銀行股份有限公司中崙分公司,23362953,0.00,20.00,,,,匯費,金錢,台北市中山區****,2741*****,否,,,,,,,
4735,柯文哲,113年總統、副總統選舉,首次申報,1121206,雜支支出,台北富邦商業銀行股份有限公司中崙分公司,23362953,0.00,20.00,,,,匯費,金錢,台北市中山區****,0227*****,否,,,,,,,
4736,柯文哲,113年總統、副總統選舉,首次申報,1121206,雜支支出,台北富邦商業銀行股份有限公司中崙分公司,23362953,0.00,20.00,,,,匯費,金錢,台北市中山區****,2741*****,否,,,,,,,
5038,柯文哲,113年總統、副總統選舉,首次申報,1121213,雜支支出,台北富邦商業銀行股份有限公司中崙分公司,23362953,0.00,50.00,,,,匯費,金錢,台北市中山區****,2741*****,否,,,,,,,
5039,柯文哲,113年總統、副總統選舉,首次申報,1121213,雜支支出,台北富邦商業銀行股份有限公司中崙分公司,23362953,0.00,50.00,,,,匯費,金錢,台北市中山區****,2741*****,否,,,,,,,
5040,柯文哲,113年總統、副總統選舉,首次申報,1121213,雜支支出,台北富邦商業銀行股份有限公司中崙分公司,23362953,0.00,20.00,,,,匯費,金錢,台北市中山區****,2741*****,否,,,,,,,
5041,柯文哲,113年總統、副總統選舉,首次申報,1121213,雜支支出,台北富邦商業銀行股份有限公司中崙分公司,23362953,0.00,30.00,,,,匯費,金錢,台北市中山區****,2741*****,否,,,,,,,
5042,柯文哲,113年總統、副總統選舉,首次申報,1121213,雜支支出,台北富邦商業銀行股份有限公司中崙分公司,23362953,0.00,20.00,,,,匯費,金錢,台北市中山區****,2741*****,否,,,,,,,
5043,柯文哲,113年總統、副總統選舉,首次申報,1121213,雜支支出,台北富邦商業銀行股份有限公司中崙分公司,23362953,0.00,20.00,,,,匯費,金錢,台北市中山區****,2741*****,否,,,,,,,
5044,柯文哲,113年總統、副總統選舉,首次申報,1121213,雜支支出,台北富邦商業銀行股份有限公司中崙分公司,23362953,0.00,20.00,,,,匯費,金錢,台北市中山區****,2741*****,否,,,,,,,
5045,柯文哲,113年總統、副總統選舉,首次申報,1121213,雜支支出,台北富邦商業銀行股份有限公司中崙分公司,23362953,0.00,20.00,,,,匯費,金錢,台北市中山區****,2741*****,否,,,,,,,
5046,柯文哲,113年總統、副總統選舉,首次申報,1121213,雜支支出,台北富邦商業銀行股份有限公司中崙分公司,23362953,0.00,20.00,,,,匯費,金錢,台北市中山區****,2741*****,否,,,,,,,
5047,柯文哲,113年總統、副總統選舉,首次申報,1121213,雜支支出,台北富邦商業銀行股份有限公司中崙分公司,23362953,0.00,20.00,,,,匯費,金錢,台北市中山區****,2741*****,否,,,,,,,
5048,柯文哲,113年總統、副總統選舉,首次申報,1121213,雜支支出,台北富邦商業銀行股份有限公司中崙分公司,23362953,0.00,20.00,,,,匯費,金錢,台北市中山區****,2741*****,否,,,,,,,
5049,柯文哲,113年總統、副總統選舉,首次申報,1121213,雜支支出,台北富邦商業銀行股份有限公司中崙分公司,23362953,0.00,20.00,,,,匯費,金錢,台北市中山區****,2741*****,否,,,,,,,
5050,柯文哲,113年總統、副總統選舉,首次申報,1121213,雜支支出,台北富邦商業銀行股份有限公司中崙分公司,23362953,0.00,20.00,,,,匯費,金錢,台北市中山區****,2741*****,否,,,,,,,
5051,柯文哲,113年總統、副總統選舉,首次申報,1121213,雜支支出,台北富邦商業銀行股份有限公司中崙分公司,23362953,0.00,20.00,,,,匯費,金錢,台北市中山區****,2741*****,否,,,,,,,
5052,柯文哲,113年總統、副總統選舉,首次申報,1121213,雜支支出,台北富邦商業銀行股份有限公司中崙分公司,23362953,0.00,20.00,,,,匯費,金錢,台北市中山區****,2741*****,否,,,,,,,
5053,柯文哲,113年總統、副總統選舉,首次申報,1121213,雜支支出,台北富邦商業銀行股份有限公司中崙分公司,23362953,0.00,20.00,,,,匯費,金錢,台北市中山區****,2741*****,否,,,,,,,
5054,柯文哲,113年總統、副總統選舉,首次申報,1121213,雜支支出,台北富邦商業銀行股份有限公司中崙分公司,23362953,0.00,20.00,,,,匯費,金錢,台北市中山區****,2741*****,否,,,,,,,
5445,柯文哲,113年總統、副總統選舉,首次申報,1121219,雜支支出,台灣順豐速運股份有限公司,28483484,0.00,2500.00,,,,運費,金錢,臺北市松山區****,4128*****,否,,,,,,,
5446,柯文哲,113年總統、副總統選舉,首次申報,1121219,雜支支出,台灣順豐速運股份有限公司,28483484,0.00,2470.00,,,,運費,金錢,臺北市松山區****,4128*****,否,,,,,,,
5447,柯文哲,113年總統、副總統選舉,首次申報,1121219,雜支支出,台灣順豐速運股份有限公司,28483484,0.00,1060.00,,,,運費,金錢,臺北市松山區****,4128*****,否,,,,,,,
5448,柯文哲,113年總統、副總統選舉,首次申報,1121219,雜支支出,台灣順豐速運股份有限公司,28483484,0.00,560.00,,,,運費,金錢,臺北市松山區****,4128*****,否,,,,,,,
5492,柯文哲,113年總統、副總統選舉,首次申報,1121220,雜支支出,台北富邦商業銀行股份有限公司中崙分公司,23362953,0.00,20.00,,,,匯費,金錢,台北市中山區****,2741*****,否,,,,,,,
5493,柯文哲,113年總統、副總統選舉,首次申報,1121220,雜支支出,台北富邦商業銀行股份有限公司中崙分公司,23362953,0.00,20.00,,,,匯費,金錢,台北市中山區****,2741*****,否,,,,,,,
5494,柯文哲,113年總統、副總統選舉,首次申報,1121220,雜支支出,台北富邦商業銀行股份有限公司中崙分公司,23362953,0.00,20.00,,,,匯費,金錢,台北市中山區****,2741*****,否,,,,,,,
5495,柯文哲,113年總統、副總統選舉,首次申報,1121220,雜支支出,台北富邦商業銀行股份有限公司中崙分公司,23362953,0.00,20.00,,,,匯費,金錢,台北市中山區****,2741*****,否,,,,,,,
5496,柯文哲,113年總統、副總統選舉,首次申報,1121220,雜支支出,台北富邦商業銀行股份有限公司中崙分公司,23362953,0.00,20.00,,,,匯費,金錢,台北市中山區****,2741*****,否,,,,,,,
5497,柯文哲,113年總統、副總統選舉,首次申報,1121220,雜支支出,台北富邦商業銀行股份有限公司中崙分公司,23362953,0.00,20.00,,,,匯費,金錢,台北市中山區****,2741*****,否,,,,,,,
5498,柯文哲,113年總統、副總統選舉,首次申報,1121220,雜支支出,台北富邦商業銀行股份有限公司中崙分公司,23362953,0.00,20.00,,,,匯費,金錢,台北市中山區****,2741*****,否,,,,,,,
5499,柯文哲,113年總統、副總統選舉,首次申報,1121220,雜支支出,台北富邦商業銀行股份有限公司中崙分公司,23362953,0.00,20.00,,,,匯費,金錢,台北市中山區****,2741*****,否,,,,,,,
5500,柯文哲,113年總統、副總統選舉,首次申報,1121220,雜支支出,台北富邦商業銀行股份有限公司中崙分公司,23362953,0.00,20.00,,,,匯費,金錢,台北市中山區****,2741*****,否,,,,,,,
5501,柯文哲,113年總統、副總統選舉,首次申報,1121220,雜支支出,台北富邦商業銀行股份有限公司中崙分公司,23362953,0.00,20.00,,,,匯費,金錢,台北市中山區****,2741*****,否,,,,,,,
5502,柯文哲,113年總統、副總統選舉,首次申報,1121220,雜支支出,台北富邦商業銀行股份有限公司中崙分公司,23362953,0.00,20.00,,,,匯費,金錢,台北市中山區****,2741*****,否,,,,,,,
5503,柯文哲,113年總統、副總統選舉,首次申報,1121220,雜支支出,台北富邦商業銀行股份有限公司中崙分公司,23362953,0.00,20.00,,,,匯費,金錢,台北市中山區****,2741*****,否,,,,,,,
5504,柯文哲,113年總統、副總統選舉,首次申報,1121220,雜支支出,台北富邦商業銀行股份有限公司中崙分公司,23362953,0.00,20.00,,,,匯費,金錢,台北市中山區****,2741*****,否,,,,,,,
5505,柯文哲,113年總統、副總統選舉,首次申報,1121220,雜支支出,台北富邦商業銀行股份有限公司中崙分公司,23362953,0.00,20.00,,,,匯費,金錢,台北市中山區****,2741*****,否,,,,,,,
5506,柯文哲,113年總統、副總統選舉,首次申報,1121220,雜支支出,台北富邦商業銀行股份有限公司中崙分公司,23362953,0.00,20.00,,,,匯費,金錢,台北市中山區****,2741*****,否,,,,,,,
6011,柯文哲,113年總統、副總統選舉,首次申報,1121227,雜支支出,台北富邦商業銀行股份有限公司中崙分公司,23362953,0.00,20.00,,,,匯費,金錢,台北市中山區****,2741*****,否,,,,,,,
6012,柯文哲,113年總統、副總統選舉,首次申報,1121227,雜支支出,台北富邦商業銀行股份有限公司中崙分公司,23362953,0.00,20.00,,,,匯費,金錢,台北市中山區****,2741*****,否,,,,,,,
6013,柯文哲,113年總統、副總統選舉,首次申報,1121227,雜支支出,台北富邦商業銀行股份有限公司中崙分公司,23362953,0.00,20.00,,,,匯費,金錢,台北市中山區****,2741*****,否,,,,,,,
6014,柯文哲,113年總統、副總統選舉,首次申報,1121227,雜支支出,台北富邦商業銀行股份有限公司中崙分公司,23362953,0.00,20.00,,,,匯費,金錢,台北市中山區****,2741*****,否,,,,,,,
6015,柯文哲,113年總統、副總統選舉,首次申報,1121227,雜支支出,台北富邦商業銀行股份有限公司中崙分公司,23362953,0.00,20.00,,,,匯費,金錢,台北市中山區****,2741*****,否,,,,,,,
6016,柯文哲,113年總統、副總統選舉,首次申報,1121227,雜支支出,台北富邦商業銀行股份有限公司中崙分公司,23362953,0.00,20.00,,,,匯費,金錢,台北市中山區****,2741*****,否,,,,,,,
6017,柯文哲,113年總統、副總統選舉,首次申報,1121227,雜支支出,台北富邦商業銀行股份有限公司中崙分公司,23362953,0.00,20.00,,,,匯費,金錢,台北市中山區****,2741*****,否,,,,,,,
6018,柯文哲,113年總統、副總統選舉,首次申報,1121227,雜支支出,台北富邦商業銀行股份有限公司中崙分公司,23362953,0.00,20.00,,,,匯費,金錢,台北市中山區****,0227*****,否,,,,,,,
6019,柯文哲,113年總統、副總統選舉,首次申報,1121227,雜支支出,台北富邦商業銀行股份有限公司中崙分公司,23362953,0.00,140.00,,,,匯費,金錢,台北市中山區****,2741*****,否,,,,,,,
6402,柯文哲,113年總統、副總統選舉,首次申報,1130103,雜支支出,台北富邦商業銀行股份有限公司中崙分公司,23362953,0.00,20.00,,,,匯費,金錢,台北市中山區****,2741*****,否,,,,,,,
6403,柯文哲,113年總統、副總統選舉,首次申報,1130103,雜支支出,台北富邦商業銀行股份有限公司中崙分公司,23362953,0.00,20.00,,,,匯費,金錢,台北市中山區****,0227*****,否,,,,,,,
6404,柯文哲,113年總統、副總統選舉,首次申報,1130103,雜支支出,台北富邦商業銀行股份有限公司中崙分公司,23362953,0.00,20.00,,,,匯費,金錢,台北市中山區****,0227*****,否,,,,,,,
6405,柯文哲,113年總統、副總統選舉,首次申報,1130103,雜支支出,台北富邦商業銀行股份有限公司中崙分公司,23362953,0.00,20.00,,,,匯費,金錢,台北市中山區****,0227*****,否,,,,,,,
6406,柯文哲,113年總統、副總統選舉,首次申報,1130103,雜支支出,台北富邦商業銀行股份有限公司中崙分公司,23362953,0.00,20.00,,,,匯費,金錢,台北市中山區****,2741*****,否,,,,,,,
6407,柯文哲,113年總統、副總統選舉,首次申報,1130103,雜支支出,台北富邦商業銀行股份有限公司中崙分公司,23362953,0.00,20.00,,,,匯費,金錢,台北市中山區****,2741*****,否,,,,,,,
6408,柯文哲,113年總統、副總統選舉,首次申報,1130103,雜支支出,台北富邦商業銀行股份有限公司中崙分公司,23362953,0.00,20.00,,,,匯費,金錢,台北市中山區****,2741*****,否,,,,,,,
6409,柯文哲,113年總統、副總統選舉,首次申報,1130103,雜支支出,台北富邦商業銀行股份有限公司中崙分公司,23362953,0.00,20.00,,,,匯費,金錢,台北市中山區****,2741*****,否,,,,,,,
6410,柯文哲,113年總統、副總統選舉,首次申報,1130103,雜支支出,台北富邦商業銀行股份有限公司中崙分公司,23362953,0.00,20.00,,,,匯費,金錢,台北市中山區****,2741*****,否,,,,,,,
6411,柯文哲,113年總統、副總統選舉,首次申報,1130103,雜支支出,台北富邦商業銀行股份有限公司中崙分公司,23362953,0.00,20.00,,,,匯費,金錢,台北市中山區****,2741*****,否,,,,,,,
6412,柯文哲,113年總統、副總統選舉,首次申報,1130103,雜支支出,台北富邦商業銀行股份有限公司中崙分公司,23362953,0.00,20.00,,,,匯費,金錢,台北市中山區****,2741*****,否,,,,,,,
6413,柯文哲,113年總統、副總統選舉,首次申報,1130103,雜支支出,台北富邦商業銀行股份有限公司中崙分公司,23362953,0.00,20.00,,,,匯費,金錢,台北市中山區****,2741*****,否,,,,,,,
6414,柯文哲,113年總統、副總統選舉,首次申報,1130103,雜支支出,台北富邦商業銀行股份有限公司中崙分公司,23362953,0.00,20.00,,,,匯費,金錢,台北市中山區****,2741*****,否,,,,,,,
6415,柯文哲,113年總統、副總統選舉,首次申報,1130103,雜支支出,台北富邦商業銀行股份有限公司中崙分公司,23362953,0.00,20.00,,,,匯費,金錢,台北市中山區****,0227*****,否,,,,,,,
6416,柯文哲,113年總統、副總統選舉,首次申報,1130103,雜支支出,台北富邦商業銀行股份有限公司中崙分公司,23362953,0.00,20.00,,,,匯費,金錢,台北市中山區****,0227*****,否,,,,,,,
6417,柯文哲,113年總統、副總統選舉,首次申報,1130103,雜支支出,台北富邦商業銀行股份有限公司中崙分公司,23362953,0.00,20.00,,,,匯費,金錢,台北市中山區****,0227*****,否,,,,,,,
6418,柯文哲,113年總統、副總統選舉,首次申報,1130103,雜支支出,台北富邦商業銀行股份有限公司中崙分公司,23362953,0.00,20.00,,,,匯費,金錢,台北市中山區****,0227*****,否,,,,,,,
6419,柯文哲,113年總統、副總統選舉,首次申報,1130103,雜支支出,台北富邦商業銀行股份有限公司中崙分公司,23362953,0.00,20.00,,,,匯費,金錢,台北市中山區****,0227*****,否,,,,,,,
6420,柯文哲,113年總統、副總統選舉,首次申報,1130103,雜支支出,台北富邦商業銀行股份有限公司中崙分公司,23362953,0.00,20.00,,,,匯費,金錢,台北市中山區****,0227*****,否,,,,,,,
6551,柯文哲,113年總統、副總統選舉,首次申報,1130104,雜支支出,中華電信股份有限公司新北營運處,92887342,0.00,922.00,,,,電路月租費,金錢,新北市永和區****,0800*****,否,,,,,,,
6552,柯文哲,113年總統、副總統選舉,首次申報,1130104,雜支支出,中華電信股份有限公司新北營運處,92887342,0.00,677.00,,,,電路月租費,金錢,新北市永和區****,0800*****,否,,,,,,,
6553,柯文哲,113年總統、副總統選舉,首次申報,1130104,雜支支出,中華電信股份有限公司新北營運處,92887342,0.00,677.00,,,,電路月租費,金錢,新北市永和區****,0800*****,否,,,,,,,
6554,柯文哲,113年總統、副總統選舉,首次申報,1130104,雜支支出,中華電信股份有限公司新北營運處,92887342,0.00,677.00,,,,電路月租費,金錢,新北市永和區****,0800*****,否,,,,,,,
6555,柯文哲,113年總統、副總統選舉,首次申報,1130104,雜支支出,中華電信股份有限公司新北營運處,92887342,0.00,677.00,,,,電路月租費,金錢,新北市永和區****,0800*****,否,,,,,,,
6579,柯文哲,113年總統、副總統選舉,首次申報,1130105,雜支支出,台北富邦商業銀行股份有限公司中崙分公司,23362953,0.00,20.00,,,,匯費,金錢,台北市中山區****,0227*****,否,,,,,,,
6580,柯文哲,113年總統、副總統選舉,首次申報,1130105,雜支支出,台北富邦商業銀行股份有限公司中崙分公司,23362953,0.00,20.00,,,,匯費,金錢,台北市中山區****,2741*****,否,,,,,,,
6581,柯文哲,113年總統、副總統選舉,首次申報,1130105,雜支支出,台北富邦商業銀行股份有限公司中崙分公司,23362953,0.00,400.00,,,,匯費,金錢,台北市中山區****,2741*****,否,,,,,,,
6582,柯文哲,113年總統、副總統選舉,首次申報,1130105,雜支支出,台北富邦商業銀行股份有限公司中崙分公司,23362953,0.00,140.00,,,,匯費,金錢,台北市中山區****,2741*****,否,,,,,,,
7076,柯文哲,113年總統、副總統選舉,首次申報,1130110,雜支支出,台北富邦商業銀行股份有限公司中崙分公司,23362953,0.00,20.00,,,,匯費,金錢,台北市中山區****,2741*****,否,,,,,,,
7077,柯文哲,113年總統、副總統選舉,首次申報,1130110,雜支支出,台北富邦商業銀行股份有限公司中崙分公司,23362953,0.00,20.00,,,,匯費,金錢,台北市中山區****,0227*****,否,,,,,,,
7078,柯文哲,113年總統、副總統選舉,首次申報,1130110,雜支支出,台北富邦商業銀行股份有限公司中崙分公司,23362953,0.00,20.00,,,,匯費,金錢,台北市中山區****,0227*****,否,,,,,,,
7079,柯文哲,113年總統、副總統選舉,首次申報,1130110,雜支支出,台北富邦商業銀行股份有限公司中崙分公司,23362953,0.00,20.00,,,,匯費,金錢,台北市中山區****,0227*****,否,,,,,,,
7080,柯文哲,113年總統、副總統選舉,首次申報,1130110,雜支支出,台北富邦商業銀行股份有限公司中崙分公司,23362953,0.00,20.00,,,,匯費,金錢,台北市中山區****,0227*****,否,,,,,,,
7081,柯文哲,113年總統、副總統選舉,首次申報,1130110,雜支支出,台北富邦商業銀行股份有限公司中崙分公司,23362953,0.00,20.00,,,,匯費,金錢,台北市中山區****,0227*****,否,,,,,,,
7082,柯文哲,113年總統、副總統選舉,首次申報,1130110,雜支支出,台北富邦商業銀行股份有限公司中崙分公司,23362953,0.00,20.00,,,,匯費,金錢,台北市中山區****,0227*****,否,,,,,,,
7083,柯文哲,113年總統、副總統選舉,首次申報,1130110,雜支支出,台北富邦商業銀行股份有限公司中崙分公司,23362953,0.00,20.00,,,,匯費,金錢,台北市中山區****,0227*****,否,,,,,,,
7084,柯文哲,113年總統、副總統選舉,首次申報,1130110,雜支支出,台北富邦商業銀行股份有限公司中崙分公司,23362953,0.00,20.00,,,,匯費,金錢,台北市中山區****,0227*****,否,,,,,,,
7085,柯文哲,113年總統、副總統選舉,首次申報,1130110,雜支支出,台北富邦商業銀行股份有限公司中崙分公司,23362953,0.00,20.00,,,,匯費,金錢,台北市中山區****,0227*****,否,,,,,,,
7086,柯文哲,113年總統、副總統選舉,首次申報,1130110,雜支支出,台北富邦商業銀行股份有限公司中崙分公司,23362953,0.00,20.00,,,,匯費,金錢,台北市中山區****,0227*****,否,,,,,,,
7087,柯文哲,113年總統、副總統選舉,首次申報,1130110,雜支支出,台北富邦商業銀行股份有限公司中崙分公司,23362953,0.00,20.00,,,,匯費,金錢,台北市中山區****,0227*****,否,,,,,,,
7318,柯文哲,113年總統、副總統選舉,首次申報,1130115,雜支支出,台灣電力股份有限公司台北西區營業處,34096996,0.00,19616.00,,,,電費,金錢,新北市新莊區****,1911*****,否,,,,,,,
7319,柯文哲,113年總統、副總統選舉,首次申報,1130115,雜支支出,台灣電力股份有限公司台北西區營業處,34096996,0.00,13206.00,,,,電費,金錢,新北市新莊區****,1911*****,否,,,,,,,
7320,柯文哲,113年總統、副總統選舉,首次申報,1130115,雜支支出,台灣電力股份有限公司台北西區營業處,34096996,0.00,12310.00,,,,電費,金錢,新北市新莊區****,1911*****,否,,,,,,,
7321,柯文哲,113年總統、副總統選舉,首次申報,1130115,雜支支出,台灣電力股份有限公司台北西區營業處,34096996,0.00,15314.00,,,,電費,金錢,新北市新莊區****,1911*****,否,,,,,,,
7357,柯文哲,113年總統、副總統選舉,首次申報,1130117,雜支支出,台北富邦商業銀行股份有限公司中崙分公司,23362953,0.00,20.00,,,,匯費,金錢,台北市中山區****,2741*****,否,,,,,,,
7358,柯文哲,113年總統、副總統選舉,首次申報,1130117,雜支支出,台北富邦商業銀行股份有限公司中崙分公司,23362953,0.00,20.00,,,,匯費,金錢,台北市中山區****,2741*****,否,,,,,,,
7359,柯文哲,113年總統、副總統選舉,首次申報,1130117,雜支支出,台北富邦商業銀行股份有限公司中崙分公司,23362953,0.00,20.00,,,,匯費,金錢,台北市中山區****,2741*****,否,,,,,,,
7360,柯文哲,113年總統、副總統選舉,首次申報,1130117,雜支支出,台北富邦商業銀行股份有限公司中崙分公司,23362953,0.00,20.00,,,,匯費,金錢,台北市中山區****,2741*****,否,,,,,,,
7361,柯文哲,113年總統、副總統選舉,首次申報,1130117,雜支支出,台北富邦商業銀行股份有限公司中崙分公司,23362953,0.00,20.00,,,,匯費,金錢,台北市中山區****,0227*****,否,,,,,,,
7362,柯文哲,113年總統、副總統選舉,首次申報,1130117,雜支支出,台北富邦商業銀行股份有限公司中崙分公司,23362953,0.00,20.00,,,,匯費,金錢,台北市中山區****,0227*****,否,,,,,,,
7363,柯文哲,113年總統、副總統選舉,首次申報,1130117,雜支支出,台北富邦商業銀行股份有限公司中崙分公司,23362953,0.00,20.00,,,,匯費,金錢,台北市中山區****,0227*****,否,,,,,,,
7364,柯文哲,113年總統、副總統選舉,首次申報,1130117,雜支支出,台北富邦商業銀行股份有限公司中崙分公司,23362953,0.00,20.00,,,,匯費,金錢,台北市中山區****,0227*****,否,,,,,,,
7365,柯文哲,113年總統、副總統選舉,首次申報,1130117,雜支支出,台北富邦商業銀行股份有限公司中崙分公司,23362953,0.00,80.00,,,,匯費,金錢,台北市中山區****,2741*****,否,,,,,,,
7366,柯文哲,113年總統、副總統選舉,首次申報,1130117,雜支支出,台北富邦商業銀行股份有限公司中崙分公司,23362953,0.00,90.00,,,,匯費,金錢,台北市中山區****,0227*****,否,,,,,,,
7367,柯文哲,113年總統、副總統選舉,首次申報,1130117,雜支支出,台北富邦商業銀行股份有限公司中崙分公司,23362953,0.00,50.00,,,,匯費,金錢,台北市中山區****,2741*****,否,,,,,,,
7496,柯文哲,113年總統、副總統選舉,首次申報,1130123,雜支支出,台北富邦商業銀行股份有限公司中崙分公司,23362953,0.00,220.00,,,,匯費,金錢,台北市中山區****,0227*****,否,,,,,,,
7497,柯文哲,113年總統、副總統選舉,首次申報,1130123,雜支支出,台北富邦商業銀行股份有限公司中崙分公司,23362953,0.00,20.00,,,,匯費,金錢,台北市中山區****,0227*****,否,,,,,,,
7498,柯文哲,113年總統、副總統選舉,首次申報,1130123,雜支支出,台北富邦商業銀行股份有限公司中崙分公司,23362953,0.00,20.00,,,,匯費,金錢,台北市中山區****,0227*****,否,,,,,,,
7499,柯文哲,113年總統、副總統選舉,首次申報,1130123,雜支支出,台北富邦商業銀行股份有限公司中崙分公司,23362953,0.00,20.00,,,,匯費,金錢,台北市中山區****,0227*****,否,,,,,,,
7500,柯文哲,113年總統、副總統選舉,首次申報,1130123,雜支支出,台北富邦商業銀行股份有限公司中崙分公司,23362953,0.00,20.00,,,,匯費,金錢,台北市中山區****,0227*****,否,,,,,,,
7501,柯文哲,113年總統、副總統選舉,首次申報,1130123,雜支支出,台北富邦商業銀行股份有限公司中崙分公司,23362953,0.00,20.00,,,,匯費,金錢,台北市中山區****,0227*****,否,,,,,,,
7502,柯文哲,113年總統、副總統選舉,首次申報,1130123,雜支支出,台北富邦商業銀行股份有限公司中崙分公司,23362953,0.00,20.00,,,,匯費,金錢,台北市中山區****,0227*****,否,,,,,,,
7511,柯文哲,113年總統、副總統選舉,首次申報,1130124,雜支支出,台北富邦商業銀行股份有限公司中崙分公司,23362953,0.00,20.00,,,,匯費,金錢,台北市中山區****,0227*****,否,,,,,,,
7512,柯文哲,113年總統、副總統選舉,首次申報,1130124,雜支支出,台北富邦商業銀行股份有限公司中崙分公司,23362953,0.00,20.00,,,,匯費,金錢,台北市中山區****,0227*****,否,,,,,,,
7513,柯文哲,113年總統、副總統選舉,首次申報,1130124,雜支支出,台北富邦商業銀行股份有限公司中崙分公司,23362953,0.00,30.00,,,,匯費,金錢,台北市中山區****,2741*****,否,,,,,,,
7514,柯文哲,113年總統、副總統選舉,首次申報,1130124,雜支支出,台北富邦商業銀行股份有限公司中崙分公司,23362953,0.00,20.00,,,,匯費,金錢,台北市中山區****,2741*****,否,,,,,,,
7515,柯文哲,113年總統、副總統選舉,首次申報,1130124,雜支支出,台北富邦商業銀行股份有限公司中崙分公司,23362953,0.00,20.00,,,,匯費,金錢,台北市中山區****,2741*****,否,,,,,,,
7516,柯文哲,113年總統、副總統選舉,首次申報,1130124,雜支支出,台北富邦商業銀行股份有限公司中崙分公司,23362953,0.00,20.00,,,,匯費,金錢,台北市中山區****,2741*****,否,,,,,,,
7517,柯文哲,113年總統、副總統選舉,首次申報,1130124,雜支支出,台北富邦商業銀行股份有限公司中崙分公司,23362953,0.00,20.00,,,,匯費,金錢,台北市中山區****,2741*****,否,,,,,,,
7518,柯文哲,113年總統、副總統選舉,首次申報,1130124,雜支支出,台北富邦商業銀行股份有限公司中崙分公司,23362953,0.00,20.00,,,,匯費,金錢,台北市中山區****,0227*****,否,,,,,,,
7519,柯文哲,113年總統、副總統選舉,首次申報,1130124,雜支支出,台北富邦商業銀行股份有限公司中崙分公司,23362953,0.00,20.00,,,,匯費,金錢,台北市中山區****,0227*****,否,,,,,,,
7520,柯文哲,113年總統、副總統選舉,首次申報,1130124,雜支支出,台北富邦商業銀行股份有限公司中崙分公司,23362953,0.00,20.00,,,,匯費,金錢,台北市中山區****,0227*****,否,,,,,,,
7521,柯文哲,113年總統、副總統選舉,首次申報,1130124,雜支支出,台北富邦商業銀行股份有限公司中崙分公司,23362953,0.00,20.00,,,,匯費,金錢,台北市中山區****,0227*****,否,,,,,,,
7522,柯文哲,113年總統、副總統選舉,首次申報,1130124,雜支支出,台北富邦商業銀行股份有限公司中崙分公司,23362953,0.00,20.00,,,,匯費,金錢,台北市中山區****,0227*****,否,,,,,,,
7523,柯文哲,113年總統、副總統選舉,首次申報,1130124,雜支支出,台北富邦商業銀行股份有限公司中崙分公司,23362953,0.00,20.00,,,,匯費,金錢,台北市中山區****,0227*****,否,,,,,,,
7524,柯文哲,113年總統、副總統選舉,首次申報,1130124,雜支支出,台北富邦商業銀行股份有限公司中崙分公司,23362953,0.00,20.00,,,,匯費,金錢,台北市中山區****,2741*****,否,,,,,,,
7525,柯文哲,113年總統、副總統選舉,首次申報,1130124,雜支支出,台北富邦商業銀行股份有限公司中崙分公司,23362953,0.00,20.00,,,,匯費,金錢,台北市中山區****,2741*****,否,,,,,,,
7526,柯文哲,113年總統、副總統選舉,首次申報,1130124,雜支支出,台北富邦商業銀行股份有限公司中崙分公司,23362953,0.00,20.00,,,,匯費,金錢,台北市中山區****,2741*****,否,,,,,,,
7802,柯文哲,113年總統、副總統選舉,首次申報,1130130,雜支支出,台北富邦商業銀行股份有限公司中崙分公司,23362953,0.00,20.00,,,,匯費,金錢,台北市中山區****,0227*****,否,,,,,,,
7803,柯文哲,113年總統、副總統選舉,首次申報,1130130,雜支支出,台北富邦商業銀行股份有限公司中崙分公司,23362953,0.00,20.00,,,,匯費,金錢,台北市中山區****,0227*****,否,,,,,,,
7804,柯文哲,113年總統、副總統選舉,首次申報,1130130,雜支支出,台北富邦商業銀行股份有限公司中崙分公司,23362953,0.00,20.00,,,,匯費,金錢,台北市中山區****,0227*****,否,,,,,,,
7805,柯文哲,113年總統、副總統選舉,首次申報,1130130,雜支支出,台北富邦商業銀行股份有限公司中崙分公司,23362953,0.00,20.00,,,,匯費,金錢,台北市中山區****,0227*****,否,,,,,,,
7806,柯文哲,113年總統、副總統選舉,首次申報,1130130,雜支支出,台北富邦商業銀行股份有限公司中崙分公司,23362953,0.00,20.00,,,,匯費,金錢,台北市中山區****,0227*****,否,,,,,,,
7811,柯文哲,113年總統、副總統選舉,首次申報,1130131,雜支支出,台北富邦商業銀行股份有限公司中崙分公司,23362953,0.00,20.00,,,,匯費,金錢,台北市中山區****,0227*****,否,,,,,,,
7812,柯文哲,113年總統、副總統選舉,首次申報,1130131,雜支支出,台北富邦商業銀行股份有限公司中崙分公司,23362953,0.00,20.00,,,,匯費,金錢,台北市中山區****,0227*****,否,,,,,,,
7813,柯文哲,113年總統、副總統選舉,首次申報,1130131,雜支支出,台北富邦商業銀行股份有限公司中崙分公司,23362953,0.00,20.00,,,,匯費,金錢,台北市中山區****,0227*****,否,,,,,,,
7814,柯文哲,113年總統、副總統選舉,首次申報,1130131,雜支支出,台北富邦商業銀行股份有限公司中崙分公司,23362953,0.00,20.00,,,,匯費,金錢,台北市中山區****,0227*****,否,,,,,,,
7815,柯文哲,113年總統、副總統選舉,首次申報,1130131,雜支支出,台北富邦商業銀行股份有限公司中崙分公司,23362953,0.00,20.00,,,,匯費,金錢,台北市中山區****,0227*****,否,,,,,,,
7821,柯文哲,113年總統、副總統選舉,首次申報,1130201,雜支支出,台北富邦商業銀行股份有限公司中崙分公司,23362953,0.00,20.00,,,,匯費,金錢,台北市中山區****,0227*****,否,,,,,,,
7822,柯文哲,113年總統、副總統選舉,首次申報,1130201,雜支支出,台北富邦商業銀行股份有限公司中崙分公司,23362953,0.00,20.00,,,,匯費,金錢,台北市中山區****,0227*****,否,,,,,,,
7823,柯文哲,113年總統、副總統選舉,首次申報,1130201,雜支支出,台北富邦商業銀行股份有限公司中崙分公司,23362953,0.00,20.00,,,,匯費,金錢,台北市中山區****,0227*****,否,,,,,,,
7824,柯文哲,113年總統、副總統選舉,首次申報,1130201,雜支支出,台北富邦商業銀行股份有限公司中崙分公司,23362953,0.00,20.00,,,,匯費,金錢,台北市中山區****,0227*****,否,,,,,,,
7825,柯文哲,113年總統、副總統選舉,首次申報,1130201,雜支支出,台北富邦商業銀行股份有限公司中崙分公司,23362953,0.00,20.00,,,,匯費,金錢,台北市中山區****,0227*****,否,,,,,,,
7826,柯文哲,113年總統、副總統選舉,首次申報,1130201,雜支支出,台北富邦商業銀行股份有限公司中崙分公司,23362953,0.00,20.00,,,,匯費,金錢,台北市中山區****,0227*****,否,,,,,,,
7827,柯文哲,113年總統、副總統選舉,首次申報,1130201,雜支支出,台北富邦商業銀行股份有限公司中崙分公司,23362953,0.00,20.00,,,,匯費,金錢,台北市中山區****,0227*****,否,,,,,,,
7828,柯文哲,113年總統、副總統選舉,首次申報,1130201,雜支支出,台北富邦商業銀行股份有限公司中崙分公司,23362953,0.00,20.00,,,,匯費,金錢,台北市中山區****,0227*****,否,,,,,,,
7829,柯文哲,113年總統、副總統選舉,首次申報,1130201,雜支支出,台北富邦商業銀行股份有限公司中崙分公司,23362953,0.00,20.00,,,,匯費,金錢,台北市中山區****,0227*****,否,,,,,,,
7962,柯文哲,113年總統、副總統選舉,首次申報,1130206,雜支支出,台北富邦商業銀行股份有限公司中崙分公司,23362953,0.00,20.00,,,,匯費,金錢,台北市中山區****,0227*****,否,,,,,,,
7963,柯文哲,113年總統、副總統選舉,首次申報,1130206,雜支支出,台北富邦商業銀行股份有限公司中崙分公司,23362953,0.00,20.00,,,,匯費,金錢,台北市中山區****,2741*****,否,,,,,,,
7964,柯文哲,113年總統、副總統選舉,首次申報,1130206,雜支支出,台北富邦商業銀行股份有限公司中崙分公司,23362953,0.00,20.00,,,,匯費,金錢,台北市中山區****,0227*****,否,,,,,,,
7965,柯文哲,113年總統、副總統選舉,首次申報,1130206,雜支支出,台北富邦商業銀行股份有限公司中崙分公司,23362953,0.00,20.00,,,,匯費,金錢,台北市中山區****,0227*****,否,,,,,,,
7966,柯文哲,113年總統、副總統選舉,首次申報,1130206,雜支支出,台北富邦商業銀行股份有限公司中崙分公司,23362953,0.00,20.00,,,,匯費,金錢,台北市中山區****,0227*****,否,,,,,,,
7967,柯文哲,113年總統、副總統選舉,首次申報,1130206,雜支支出,台北富邦商業銀行股份有限公司中崙分公司,23362953,0.00,20.00,,,,匯費,金錢,台北市中山區****,0227*****,否,,,,,,,
7968,柯文哲,113年總統、副總統選舉,首次申報,1130206,雜支支出,台北富邦商業銀行股份有限公司中崙分公司,23362953,0.00,20.00,,,,匯費,金錢,台北市中山區****,0227*****,否,,,,,,,
7969,柯文哲,113年總統、副總統選舉,首次申報,1130206,雜支支出,台北富邦商業銀行股份有限公司中崙分公司,23362953,0.00,20.00,,,,匯費,金錢,台北市中山區****,0227*****,否,,,,,,,
7970,柯文哲,113年總統、副總統選舉,首次申報,1130206,雜支支出,台北富邦商業銀行股份有限公司中崙分公司,23362953,0.00,20.00,,,,匯費,金錢,台北市中山區****,0227*****,否,,,,,,,
7971,柯文哲,113年總統、副總統選舉,首次申報,1130206,雜支支出,台北富邦商業銀行股份有限公司中崙分公司,23362953,0.00,20.00,,,,匯費,金錢,台北市中山區****,0227*****,否,,,,,,,
7972,柯文哲,113年總統、副總統選舉,首次申報,1130206,雜支支出,台北富邦商業銀行股份有限公司中崙分公司,23362953,0.00,20.00,,,,匯費,金錢,台北市中山區****,0227*****,否,,,,,,,
7973,柯文哲,113年總統、副總統選舉,首次申報,1130206,雜支支出,台北富邦商業銀行股份有限公司中崙分公司,23362953,0.00,20.00,,,,匯費,金錢,台北市中山區****,0227*****,否,,,,,,,
7974,柯文哲,113年總統、副總統選舉,首次申報,1130206,雜支支出,台北富邦商業銀行股份有限公司中崙分公司,23362953,0.00,20.00,,,,匯費,金錢,台北市中山區****,0227*****,否,,,,,,,
